﻿<?xml version="1.0" encoding="UTF-8"?>
<Style xmlns="http://v8.1c.ru/8.3/xcf/extrnprops" xmlns:style="http://v8.1c.ru/8.1/data/ui/style" xmlns:sys="http://v8.1c.ru/8.1/data/ui/fonts/system" xmlns:v8ui="http://v8.1c.ru/8.1/data/ui" xmlns:web="http://v8.1c.ru/8.1/data/ui/colors/web" xmlns:win="http://v8.1c.ru/8.1/data/ui/colors/windows" xmlns:xr="http://v8.1c.ru/8.3/xcf/readable" xmlns:xs="http://www.w3.org/2001/XMLSchema" xmlns:xsi="http://www.w3.org/2001/XMLSchema-instance" version="2.16">
	<Item name="ActivityColor">
		<Color>#C8EEFA</Color>
	</Item>
	<Item name="AccentColor">
		<Color>#758D96</Color>
	</Item>
	<Item name="NavigationColor">
		<Color>#BBDCFB</Color>
	</Item>
	<Item name="AuxiliaryNavigationColor">
		<Color>#D0EAFF</Color>
	</Item>
	<Item name="ImportantColor">
		<Color>#91C9FF</Color>
	</Item>
</Style>