﻿<?xml version="1.0" encoding="UTF-8"?>
<ConfigDumpInfo xmlns="http://v8.1c.ru/8.3/xcf/dumpinfo" xmlns:xen="http://v8.1c.ru/8.3/xcf/enums" xmlns:xs="http://www.w3.org/2001/XMLSchema" xmlns:xsi="http://www.w3.org/2001/XMLSchema-instance" format="Hierarchical" version="2.16">
	<ConfigVersions>
		<Metadata name="AccumulationRegister.ОстаткиТоваров" id="a9d1435a-b580-4588-9a75-40b849646dba" configVersion="3ded7107f40c794b8569b97a7b197c1700000000">
			<Metadata name="AccumulationRegister.ОстаткиТоваров.Resource.Количество" id="27bb360a-dda4-4b97-be0c-a26a508b9d2e"/>
			<Metadata name="AccumulationRegister.ОстаткиТоваров.Dimension.ТоварМедикамент" id="3ee70754-2d66-468f-9e1e-527a7b566cf6"/>
		</Metadata>
		<Metadata name="Catalog.ВидЖивотного" id="71daabfa-2d89-4eb6-80b6-9cac8438c3f8" configVersion="65e4ee3f4a8ff94d971042d6a9ffa55800000000"/>
		<Metadata name="Catalog.Должности" id="ca9dce38-e1ac-4594-be17-3a0256d2fb1b" configVersion="13b133e92f42a34580552a5907181dd000000000"/>
		<Metadata name="Catalog.Пациенты" id="e0d1bf2a-b963-4515-9880-4140024f9909" configVersion="946c316b6ac4434cbb09e0d748d48d4400000000">
			<Metadata name="Catalog.Пациенты.Attribute.Порода" id="6c262a11-031a-4d20-ac11-991c00c84a9e"/>
			<Metadata name="Catalog.Пациенты.Attribute.Возраст" id="70d8c19e-5879-44cd-804e-8268919e89ed"/>
			<Metadata name="Catalog.Пациенты.Attribute.ВидЖивотного" id="7d0a80c5-1870-4404-a849-051eaeb0eac7"/>
			<Metadata name="Catalog.Пациенты.Attribute.Пол" id="a36a697e-053d-4afd-acfc-a2115bd0708d"/>
			<Metadata name="Catalog.Пациенты.Attribute.Хозяин" id="afa39fe3-74a5-477e-988a-11c0a834cfbe"/>
			<Metadata name="Catalog.Пациенты.Attribute.Аллергии" id="badff487-c44a-4955-9197-0017dc1f95c8"/>
		</Metadata>
		<Metadata name="Catalog.Пациенты.Form.ФормаЭлемента" id="1d7e5d86-0191-4d1a-b77b-d056f2009e1a" configVersion="4b39b3b54daddd44b6216fbc10615fb000000000"/>
		<Metadata name="Catalog.Пациенты.Form.ФормаЭлемента.Form" id="1d7e5d86-0191-4d1a-b77b-d056f2009e1a.0" configVersion="08579507dc9ea246a1d2ba2413363eaf00000000"/>
		<Metadata name="Catalog.Породы" id="9ece26f2-1078-4d2b-87af-762a005258b7" configVersion="da99717829b3f24f94b4e6bd6deac40200000000"/>
		<Metadata name="Catalog.Поставщики" id="66027033-8227-40ed-8189-0bcda5784bb0" configVersion="1cca3dcbdfb0f94ea5f65def1a4e165f00000000">
			<Metadata name="Catalog.Поставщики.Attribute.Телефон" id="7dcbbdb7-bdb8-403d-a045-0d10bbb03565"/>
			<Metadata name="Catalog.Поставщики.Attribute.ЮридическийАдрес" id="baa1530d-73af-44b3-9d8d-de34dc8867ac"/>
		</Metadata>
		<Metadata name="Catalog.Сотрудники" id="1d9ade73-a6dd-4d1f-a185-08fba1498014" configVersion="fb8dff08ef4c0945a7490ae6f0e8e40e00000000">
			<Metadata name="Catalog.Сотрудники.Attribute.Телефон" id="1d15f422-e388-410d-969e-772cf3b00161"/>
			<Metadata name="Catalog.Сотрудники.Attribute.Должность" id="bf1e0956-091e-4df3-b113-a7773e530079"/>
			<Metadata name="Catalog.Сотрудники.Attribute.ИНН" id="efeadbbf-f13d-4212-9a8f-3a6c8bd403bd"/>
		</Metadata>
		<Metadata name="Catalog.СпециализацииВетеринаров" id="a517f2ed-fa5f-46d1-9de1-9aeb02006867" configVersion="fdace07df3872f4f8131c30fa88f90af00000000"/>
		<Metadata name="Catalog.ТоварыИМедикаменты" id="5dbcb0ac-bc37-458d-a002-926bf8c942d7" configVersion="120457984c32b944a1a0280b012cf8d000000000">
			<Metadata name="Catalog.ТоварыИМедикаменты.Attribute.ВидПродукции" id="2fb66f0c-10e2-43ca-badc-b77cde897b91"/>
		</Metadata>
		<Metadata name="Catalog.ТоварыИМедикаменты.Form.ФормаЭлемента" id="780a3c8a-7707-4baf-836d-efe20b57652f" configVersion="12a003df07ede345977a9272919fc3d100000000"/>
		<Metadata name="Catalog.ТоварыИМедикаменты.Form.ФормаЭлемента.Form" id="780a3c8a-7707-4baf-836d-efe20b57652f.0" configVersion="b2ee45ed9776c84298f056dc3032209a00000000"/>
		<Metadata name="Catalog.Услуги" id="4f1ea77c-814f-46f7-9a69-8e5e8751004c" configVersion="e00d747dee29244282c4b8597c6db0d000000000">
			<Metadata name="Catalog.Услуги.Attribute.Стоимость" id="16c4942f-d860-4fd7-b3c8-ad7711bd5751"/>
		</Metadata>
		<Metadata name="Catalog.Хозяева" id="d1b353d6-9558-4002-b1af-b7d373758346" configVersion="41fc5462bd5d6b469dcdfdb5bfb9354e00000000">
			<Metadata name="Catalog.Хозяева.Attribute.Телефон" id="e4a6b8c2-f605-4eb7-9e9e-a493ceb608a3"/>
			<Metadata name="Catalog.Хозяева.Attribute.Адрес" id="e78452d4-be21-4984-8a91-35ae92c4a734"/>
		</Metadata>
		<Metadata name="CommonPicture.Карточка" id="fa1b0118-26f4-4712-976c-01846ce0e2d2" configVersion="5bdbd8f6a630864b8833b21bc434ca7b00000000"/>
		<Metadata name="CommonPicture.Карточка.Picture" id="fa1b0118-26f4-4712-976c-01846ce0e2d2.0" configVersion="99966bac7b298e44913a95e089d4c7c700000000"/>
		<Metadata name="CommonPicture.отчеты" id="6a23077d-38ed-4c64-9fc8-70e8ea404fde" configVersion="f86f8c95fc323e45b4458357571887da00000000"/>
		<Metadata name="CommonPicture.отчеты.Picture" id="6a23077d-38ed-4c64-9fc8-70e8ea404fde.0" configVersion="4b79dee4fd516c49b0f30ce7147b70e200000000"/>
		<Metadata name="CommonPicture.регистрация" id="9052d021-2396-4d82-bb6c-5f78c554d943" configVersion="dbc3621146f83a4cb594f4487be9287300000000"/>
		<Metadata name="CommonPicture.регистрация.Picture" id="9052d021-2396-4d82-bb6c-5f78c554d943.0" configVersion="fe9db0a8a1c64f4586f96d5036ca836d00000000"/>
		<Metadata name="CommonPicture.справкаКартинка" id="1e3f16a2-0f56-4012-a488-f70253fcc355" configVersion="9a8a8b3ca06ef94398d2d5babd8e8b3200000000"/>
		<Metadata name="CommonPicture.справкаКартинка.Picture" id="1e3f16a2-0f56-4012-a488-f70253fcc355.0" configVersion="a086daad44e1e247bf38c2f3d7af3cfe00000000"/>
		<Metadata name="CommonPicture.справочники" id="56ffd763-3ef4-4e56-946a-1cb43c54ca12" configVersion="28657313892cf14d8ace57fbe8901b2c00000000"/>
		<Metadata name="CommonPicture.справочники.Picture" id="56ffd763-3ef4-4e56-946a-1cb43c54ca12.0" configVersion="add5dfaefb34ca42aa66b1ad5131713400000000"/>
		<Metadata name="CommonPicture.финансы" id="302a76c6-0627-4481-8c83-d54c79802200" configVersion="a077b51e4f01d6458ce17612ff0a20c900000000"/>
		<Metadata name="CommonPicture.финансы.Picture" id="302a76c6-0627-4481-8c83-d54c79802200.0" configVersion="c93118b9eab2eb47bc7bb981fb010c0800000000"/>
		<Metadata name="CommonPicture.чек" id="ad2b6ea2-3fed-4be9-856b-be7b078320c6" configVersion="4a7a394731c8174488881709d92adf7900000000"/>
		<Metadata name="CommonPicture.чек.Picture" id="ad2b6ea2-3fed-4be9-856b-be7b078320c6.0" configVersion="22196e228c6b054aa2b807ce49a1d3f500000000"/>
		<Metadata name="Configuration.Конфигурация" id="8901a894-9867-493b-ad50-08e5116e6330" configVersion="3955191c0f00e046b4a2247e363783d200000000"/>
		<Metadata name="Configuration.Конфигурация.CommandInterface" id="d76bfcc4-a060-47ca-8410-b0b8dc0b6789.a" configVersion="2ea9688652b9444cb87a3a4e95b885fd00000000"/>
		<Metadata name="Configuration.Конфигурация.MainSectionPicture" id="d76bfcc4-a060-47ca-8410-b0b8dc0b6789.c" configVersion="ba9445a47a77cd4aae84b6ee049558df00000000"/>
		<Metadata name="Document.ЗакупкаМедикаментовИТоваров" id="7952ff68-d133-4d21-b5a1-83e8c68c3a0a" configVersion="07896978b13e884880ca5c77dd6cc90700000000">
			<Metadata name="Document.ЗакупкаМедикаментовИТоваров.TabularSection.Товары.Attribute.Количество" id="089e0dd8-bccc-4ef3-858d-42684d20ac4d"/>
			<Metadata name="Document.ЗакупкаМедикаментовИТоваров.TabularSection.Товары.Attribute.Цена" id="0a62d18f-d03e-4313-b927-e865177ee5c2"/>
			<Metadata name="Document.ЗакупкаМедикаментовИТоваров.Attribute.Поставщик" id="0c7d4ba9-b4c0-4ea0-bfca-62ec10564ff2"/>
			<Metadata name="Document.ЗакупкаМедикаментовИТоваров.TabularSection.Товары" id="41760648-5743-467c-b84f-d0aaaa7ae956"/>
			<Metadata name="Document.ЗакупкаМедикаментовИТоваров.TabularSection.Товары.Attribute.Товар" id="85ddd71a-b2e6-4c87-b820-52e5d2d661d6"/>
			<Metadata name="Document.ЗакупкаМедикаментовИТоваров.TabularSection.Товары.Attribute.Стоимость" id="c0506a34-f7fb-46a5-9142-9803202c6a39"/>
			<Metadata name="Document.ЗакупкаМедикаментовИТоваров.Attribute.ДатаПоставки" id="fc69964f-9af4-4a11-b0b0-fabb19e62e69"/>
		</Metadata>
		<Metadata name="Document.ЗакупкаМедикаментовИТоваров.ObjectModule" id="7952ff68-d133-4d21-b5a1-83e8c68c3a0a.0" configVersion="cc024912b60a764c950309a7842b86c800000000"/>
		<Metadata name="Document.ЗаписьПациента" id="6c0abc9d-a721-440e-80c9-971d11f78a23" configVersion="e2259c187d056c43931fdf6ca201198400000000">
			<Metadata name="Document.ЗаписьПациента.Attribute.Возраст" id="0c91e8da-6db1-4b3f-8352-7aa321e257ab"/>
			<Metadata name="Document.ЗаписьПациента.Attribute.ДатаЗаписи" id="3d5e587e-f7fd-4042-a97e-f6fc9c8b1533"/>
			<Metadata name="Document.ЗаписьПациента.Attribute.Талон" id="6a4fe001-a656-4926-9915-662e97ad1874"/>
			<Metadata name="Document.ЗаписьПациента.Attribute.Порода" id="6ec07b4f-5687-4a49-83c9-6017b0fdd68c"/>
			<Metadata name="Document.ЗаписьПациента.Attribute.Пациент" id="b6cd1a12-c379-4c44-a314-be923e60ad4b"/>
			<Metadata name="Document.ЗаписьПациента.Attribute.Врач" id="bf71005e-42c7-4f59-a705-5912ade9a790"/>
			<Metadata name="Document.ЗаписьПациента.Attribute.Хозяин" id="dde511b7-3957-4b2e-bf26-a724bdd64efe"/>
		</Metadata>
		<Metadata name="Document.ЗаписьПациента.Form.ФормаДокумента" id="1c257130-01c7-49f0-b971-ca9086cce472" configVersion="7ad8dcf3996d044280d988264a096ab600000000"/>
		<Metadata name="Document.ЗаписьПациента.Form.ФормаДокумента.Form" id="1c257130-01c7-49f0-b971-ca9086cce472.0" configVersion="72ab567fd6f717459f1742b6bb96aa5200000000"/>
		<Metadata name="Document.ЗаписьПациента.ObjectModule" id="6c0abc9d-a721-440e-80c9-971d11f78a23.0" configVersion="fb7e70dd55ab6c449b0a7b50c8eb841600000000"/>
		<Metadata name="Document.Справка" id="4971c48e-e2db-4f35-86fc-4e0c83535089" configVersion="322ee9f9ecac8842acd33eb93aa6079200000000">
			<Metadata name="Document.Справка.Attribute.ДатаСледующегоПосещения" id="0dd106b8-ca73-4647-8ed9-13d799564635"/>
			<Metadata name="Document.Справка.Attribute.Жалобы" id="1d3d3cbc-e9a5-416d-bcee-4b4906cd6598"/>
			<Metadata name="Document.Справка.Attribute.Рекомендации" id="2f66a985-83ed-49d9-9db6-863be949ba1b"/>
			<Metadata name="Document.Справка.Attribute.Талон" id="553b4577-28a2-44d5-ade6-3193821263e7"/>
			<Metadata name="Document.Справка.Attribute.Врач" id="5e8305e7-a53c-486b-8ae1-a80cdd29ad75"/>
			<Metadata name="Document.Справка.Attribute.Пациент" id="96e39e8c-4bf2-4f3d-a0a9-dcf573f86006"/>
			<Metadata name="Document.Справка.Attribute.Хозяин" id="a74bad21-9841-48c7-8d23-b3749e995025"/>
			<Metadata name="Document.Справка.Attribute.Медикаменты" id="ef12ca03-c5a5-4324-971f-d38b1c3eb8fc"/>
		</Metadata>
		<Metadata name="Document.Справка.Form.ФормаДокумента" id="ce3cde2c-1077-4e1f-8e7f-6650c2c57592" configVersion="2cf7cc85c3ba66469c236f80b586150f00000000"/>
		<Metadata name="Document.Справка.Form.ФормаДокумента.Form" id="ce3cde2c-1077-4e1f-8e7f-6650c2c57592.0" configVersion="dec949a550036747b031a1784e5f10d800000000"/>
		<Metadata name="Document.Талон" id="d52c101f-5052-49ce-b016-dc9237a4ac13" configVersion="1ad8ed55b02e0440870a7b911762689100000000">
			<Metadata name="Document.Талон.Attribute.Пациент" id="350ef5da-363b-44b6-976f-f83e078ae038"/>
			<Metadata name="Document.Талон.Attribute.Возраст" id="38b748b7-fc97-461b-8f0f-f2788afae5cb"/>
			<Metadata name="Document.Талон.Attribute.ПоЗаписи" id="503e47e3-556f-4eff-86b1-da73b567ccef"/>
			<Metadata name="Document.Талон.Attribute.Чек" id="6e93e860-4e21-46a8-9318-1d3f3b219062"/>
			<Metadata name="Document.Талон.Attribute.Запись" id="af99e37c-ca87-4ee1-b689-b13697bddf71"/>
			<Metadata name="Document.Талон.Attribute.Врач" id="b078e7ff-ccd0-48e2-bb79-0c13edcd78a2"/>
			<Metadata name="Document.Талон.Attribute.ДатаЗаписи" id="b1bf2f25-b410-4822-91f6-38c8cf3f6eaf"/>
			<Metadata name="Document.Талон.Attribute.Справка" id="f25ec3fd-6f06-4e0a-8ee3-9db085d6da26"/>
			<Metadata name="Document.Талон.Attribute.Хозяин" id="f3f21130-e8ab-4bfc-b86e-7028624c7e76"/>
			<Metadata name="Document.Талон.Attribute.Порода" id="fae4f454-8d29-4e93-a63d-8cf32fca240e"/>
		</Metadata>
		<Metadata name="Document.Талон.Form.ФормаДокумента" id="9b987b0c-077d-429d-81e6-747a505749aa" configVersion="d63666dd388570499924f8bc69f1503900000000"/>
		<Metadata name="Document.Талон.Form.ФормаДокумента.Form" id="9b987b0c-077d-429d-81e6-747a505749aa.0" configVersion="6a5c329e8f97874c81ff498986c1288600000000"/>
		<Metadata name="Document.Талон.ObjectModule" id="d52c101f-5052-49ce-b016-dc9237a4ac13.0" configVersion="691758f10346b94cbcd00ff09e0b850700000000"/>
		<Metadata name="Document.Чек" id="88a7512d-0daa-4f03-a92e-8435f3fb1c3c" configVersion="bcd9e08d2ae8884d93f64939a6de7b2800000000">
			<Metadata name="Document.Чек.TabularSection.Товары.Attribute.Стоимость" id="09f10df5-2963-485a-ad74-77c83e792797"/>
			<Metadata name="Document.Чек.TabularSection.Товары" id="198e2d1c-e0cf-482e-9eed-4ef47370932f"/>
			<Metadata name="Document.Чек.TabularSection.Услуги.Attribute.Услуга" id="1f495651-d991-4833-af24-c8f8ee639672"/>
			<Metadata name="Document.Чек.Attribute.Талон" id="2728a615-6912-43de-87ab-fd65ca60a5a0"/>
			<Metadata name="Document.Чек.TabularSection.Товары.Attribute.Количество" id="42842918-f33b-4f4f-bce9-f77b3cda54e9"/>
			<Metadata name="Document.Чек.TabularSection.Услуги.Attribute.Количество" id="4292612c-926d-422d-8d83-8771d31a1a20"/>
			<Metadata name="Document.Чек.TabularSection.Услуги.Attribute.Цена" id="5fae423f-5fb5-42b2-b071-53c7afc406dd"/>
			<Metadata name="Document.Чек.TabularSection.Услуги.Attribute.Стоимость" id="777aab69-06d4-462f-9f34-44dde0ac350a"/>
			<Metadata name="Document.Чек.Attribute.Пациент" id="80cd8a31-3e3e-4a26-9f78-dd2fd33eceaf"/>
			<Metadata name="Document.Чек.Attribute.Врач" id="8a6abf3c-b2a9-49cb-9711-39665710fbb2"/>
			<Metadata name="Document.Чек.TabularSection.Товары.Attribute.Цена" id="9b6abfcd-808a-47f9-82d7-b751b3e8461c"/>
			<Metadata name="Document.Чек.TabularSection.Услуги" id="ab1f8b1e-045b-4f99-b5fa-5e4ebd5d5ab0"/>
			<Metadata name="Document.Чек.Attribute.СуммаЧека" id="cf7c153a-6acd-4f90-8ade-97595fa4097b"/>
			<Metadata name="Document.Чек.TabularSection.Товары.Attribute.Товар" id="d0f46ea5-a914-4483-84a0-de3e3b03c7aa"/>
			<Metadata name="Document.Чек.Attribute.Хозяин" id="e0bf9854-c848-4292-b5a0-4b0ac4ebfb5f"/>
		</Metadata>
		<Metadata name="Document.Чек.Form.ФормаДокумента" id="3b8281c9-4448-4138-b042-d528fbf44d56" configVersion="1de72b001723874c9c49025a07716d9100000000"/>
		<Metadata name="Document.Чек.Form.ФормаДокумента.Form" id="3b8281c9-4448-4138-b042-d528fbf44d56.0" configVersion="be7e774bb2eee04fbba89eb3fdfe177900000000"/>
		<Metadata name="Document.Чек.ObjectModule" id="88a7512d-0daa-4f03-a92e-8435f3fb1c3c.0" configVersion="1516178646c6a14782646d2f1194dee600000000"/>
		<Metadata name="Enum.ВидПродукции" id="f572f540-aad4-4264-90ea-4bac7705b8cf" configVersion="0c880804334141448dc746fefa342e5c00000000">
			<Metadata name="Enum.ВидПродукции.EnumValue.Товар" id="7bffedef-921d-4b05-8451-052ef2d74c69"/>
			<Metadata name="Enum.ВидПродукции.EnumValue.Медикамент" id="7ed8375f-6da9-4183-b433-b993e5dd5ad1"/>
		</Metadata>
		<Metadata name="Enum.Пол" id="ab29c03d-3962-4170-81fc-2496f021d39c" configVersion="c394001d12a3424bbdd21a020f52afb100000000">
			<Metadata name="Enum.Пол.EnumValue.Мужской" id="50d0ae15-eced-4c50-9c5b-76d9ae4ee76f"/>
			<Metadata name="Enum.Пол.EnumValue.Женский" id="db2d13df-43af-460d-9d22-323f16075010"/>
		</Metadata>
		<Metadata name="InformationRegister.Посещаемость" id="f1197280-ffde-47c1-bdf2-61fffbbdd39d" configVersion="ca4fa0847e16f241b6019dd9db8320e800000000">
			<Metadata name="InformationRegister.Посещаемость.Resource.Дата" id="106d4919-9d4c-46d6-8de4-38b098db8fdc"/>
			<Metadata name="InformationRegister.Посещаемость.Dimension.Пациент" id="2a299620-cfe4-4817-9564-1da2493c91dc"/>
			<Metadata name="InformationRegister.Посещаемость.Dimension.Хозяин" id="699b8e81-945b-4fc9-8f82-e02228ea3081"/>
		</Metadata>
		<Metadata name="InformationRegister.ЦеныОтПоставщиков" id="2cd82f4d-e630-4b2c-88c4-3692f49cc4c6" configVersion="28fd5443ce4a874abbaa8ed5d27df41f00000000">
			<Metadata name="InformationRegister.ЦеныОтПоставщиков.Dimension.ТоварМедикамент" id="3332184e-fc70-4845-91e1-1adef56d014e"/>
			<Metadata name="InformationRegister.ЦеныОтПоставщиков.Resource.Цена" id="992208a2-f425-4876-b86a-4a85acac511d"/>
		</Metadata>
		<Metadata name="Language.Русский" id="6e989353-e205-4fe6-8cc6-5ab275ece8bd" configVersion="aebcb258b4c2564385425059118b014400000000"/>
		<Metadata name="Report.ОтчетПоОстаткамТоваров" id="8729d6ea-d70e-4f9c-9dfe-3db0f48a5735" configVersion="5b331361310cbf40bc573be07cc7688400000000"/>
		<Metadata name="Report.ОтчетПоОстаткамТоваров.Template.ОсновнаяСхемаКомпоновкиДанных" id="320f46ec-b47c-49a5-8a9c-d700a4fd2223" configVersion="4592df2b39d9aa47ac163ebb0f28d59600000000"/>
		<Metadata name="Report.ОтчетПоОстаткамТоваров.Template.ОсновнаяСхемаКомпоновкиДанных.Template" id="320f46ec-b47c-49a5-8a9c-d700a4fd2223.0" configVersion="a40d2e224af37341b51a59201253abcb00000000"/>
		<Metadata name="Style.Голубой" id="0c1e5422-af91-4d62-8a0d-fda5f285b73a" configVersion="b6f3bc85203e2f4e87448183e197d9eb00000000"/>
		<Metadata name="Style.Голубой.Style" id="0c1e5422-af91-4d62-8a0d-fda5f285b73a.0" configVersion="524a13d1eaf0b1449cc80a47c5c9b67900000000"/>
		<Metadata name="Subsystem.Закупка" id="59685118-3d2a-4eac-9376-11ca69eb3e76" configVersion="6e57474f8257c24b878108b14c63fd5d00000000"/>
		<Metadata name="Subsystem.Регистрация" id="9942a7fd-4b23-469f-b57b-495f7112f591" configVersion="08b29818f757ba46a8a883291c22d22500000000"/>
		<Metadata name="Subsystem.Регистрация.CommandInterface" id="9942a7fd-4b23-469f-b57b-495f7112f591.1" configVersion="71747a83fd9e8741b50c3b844065759900000000"/>
		<Metadata name="Subsystem.СправочнаяИнформация" id="4bbe9542-53c6-4de1-80dd-c10cf3a9e1f9" configVersion="4989a9192034a14181bc086fde2b83e700000000"/>
		<Metadata name="Subsystem.СправочнаяИнформация.CommandInterface" id="4bbe9542-53c6-4de1-80dd-c10cf3a9e1f9.1" configVersion="67d53f8178c1564c8357be5e9aaffd9700000000"/>
	</ConfigVersions>
</ConfigDumpInfo>