﻿<?xml version="1.0" encoding="UTF-8"?>
<CommandInterface xmlns="http://v8.1c.ru/8.3/xcf/extrnprops" xmlns:xr="http://v8.1c.ru/8.3/xcf/readable" xmlns:xs="http://www.w3.org/2001/XMLSchema" xmlns:xsi="http://www.w3.org/2001/XMLSchema-instance" version="2.16">
	<CommandsOrder>
		<Command name="Document.ЗаписьПациента.StandardCommand.OpenList">
			<CommandGroup>NavigationPanelOrdinary</CommandGroup>
		</Command>
		<Command name="Document.Талон.StandardCommand.OpenList">
			<CommandGroup>NavigationPanelOrdinary</CommandGroup>
		</Command>
		<Command name="Document.Справка.StandardCommand.OpenList">
			<CommandGroup>NavigationPanelOrdinary</CommandGroup>
		</Command>
		<Command name="Document.Чек.StandardCommand.OpenList">
			<CommandGroup>NavigationPanelOrdinary</CommandGroup>
		</Command>
		<Command name="Document.ЗаписьПациента.StandardCommand.Create">
			<CommandGroup>ActionsPanelCreate</CommandGroup>
		</Command>
		<Command name="Document.Талон.StandardCommand.Create">
			<CommandGroup>ActionsPanelCreate</CommandGroup>
		</Command>
		<Command name="Document.Справка.StandardCommand.Create">
			<CommandGroup>ActionsPanelCreate</CommandGroup>
		</Command>
		<Command name="Document.Чек.StandardCommand.Create">
			<CommandGroup>ActionsPanelCreate</CommandGroup>
		</Command>
	</CommandsOrder>
	<GroupsOrder>
		<Group>NavigationPanelOrdinary</Group>
		<Group>ActionsPanelCreate</Group>
	</GroupsOrder>
</CommandInterface>