﻿<?xml version="1.0" encoding="UTF-8"?>
<CommandInterface xmlns="http://v8.1c.ru/8.3/xcf/extrnprops" xmlns:xr="http://v8.1c.ru/8.3/xcf/readable" xmlns:xs="http://www.w3.org/2001/XMLSchema" xmlns:xsi="http://www.w3.org/2001/XMLSchema-instance" version="2.16">
	<SubsystemsOrder>
		<Subsystem>Subsystem.Регистрация</Subsystem>
		<Subsystem>Subsystem.СправочнаяИнформация</Subsystem>
		<Subsystem>04fe9af8-a629-4298-bd95-f911350b06d5</Subsystem>
		<Subsystem>Subsystem.Закупка</Subsystem>
		<Subsystem>df961f85-0238-45e2-8f52-55147e2a8e15</Subsystem>
	</SubsystemsOrder>
</CommandInterface>